{
    "level": 1,
    "toLearn": [],
    "levelTime": [
        13.53418755531311,
        13.53418755531311,
        13.53418755531311,
        13.53418755531311,
        13.53418755531311,
        9.163007020950317
    ]
}